电影名,详情页,豆瓣评分,封面图片
肖申克的救赎,https://movie.douban.com/subject/1292052/,9.7,https://img2.doubanio.com/view/photo/s_ratio_poster/public/p480747492.jpg
霸王别姬,https://movie.douban.com/subject/1291546/,9.6,https://img1.doubanio.com/view/photo/s_ratio_poster/public/p2561716440.jpg
阿甘正传,https://movie.douban.com/subject/1292720/,9.5,https://img2.doubanio.com/view/photo/s_ratio_poster/public/p2372307693.jpg
泰坦尼克号,https://movie.douban.com/subject/1292722/,9.5,https://img2.doubanio.com/view/photo/s_ratio_poster/public/p2896604953.jpg
这个杀手不太冷,https://movie.douban.com/subject/1295644/,9.4,https://img2.doubanio.com/view/photo/s_ratio_poster/public/p511118051.jpg
千与千寻,https://movie.douban.com/subject/1291561/,9.4,https://img1.doubanio.com/view/photo/s_ratio_poster/public/p2557573348.jpg
美丽人生,https://movie.douban.com/subject/1292063/,9.5,https://img2.doubanio.com/view/photo/s_ratio_poster/public/p2578474613.jpg
星际穿越,https://movie.douban.com/subject/1889243/,9.4,https://img1.doubanio.com/view/photo/s_ratio_poster/public/p2614988097.jpg
盗梦空间,https://movie.douban.com/subject/3541415/,9.4,https://img9.doubanio.com/view/photo/s_ratio_poster/public/p513344864.jpg
辛德勒的名单,https://movie.douban.com/subject/1295124/,9.5,https://img2.doubanio.com/view/photo/s_ratio_poster/public/p492406163.jpg
楚门的世界,https://movie.douban.com/subject/1292064/,9.4,https://img2.doubanio.com/view/photo/s_ratio_poster/public/p479682972.jpg
忠犬八公的故事,https://movie.douban.com/subject/3011091/,9.4,https://img1.doubanio.com/view/photo/s_ratio_poster/public/p2587099240.jpg
海上钢琴师,https://movie.douban.com/subject/1292001/,9.3,https://img9.doubanio.com/view/photo/s_ratio_poster/public/p2574551676.jpg
三傻大闹宝莱坞,https://movie.douban.com/subject/3793023/,9.2,https://img2.doubanio.com/view/photo/s_ratio_poster/public/p579729551.jpg
放牛班的春天,https://movie.douban.com/subject/1291549/,9.3,https://img1.doubanio.com/view/photo/s_ratio_poster/public/p2884280708.jpg
机器人总动员,https://movie.douban.com/subject/2131459/,9.3,https://img2.doubanio.com/view/photo/s_ratio_poster/public/p1461851991.jpg
疯狂动物城,https://movie.douban.com/subject/25662329/,9.2,https://img2.doubanio.com/view/photo/s_ratio_poster/public/p2896589742.jpg
无间道,https://movie.douban.com/subject/1307914/,9.3,https://img2.doubanio.com/view/photo/s_ratio_poster/public/p2564556863.jpg
控方证人,https://movie.douban.com/subject/1296141/,9.6,https://img1.doubanio.com/view/photo/s_ratio_poster/public/p1505392928.jpg
大话西游之大圣娶亲,https://movie.douban.com/subject/1292213/,9.2,https://img9.doubanio.com/view/photo/s_ratio_poster/public/p2455050536.jpg
熔炉,https://movie.douban.com/subject/5912992/,9.4,https://img9.doubanio.com/view/photo/s_ratio_poster/public/p1363250216.jpg
教父,https://movie.douban.com/subject/1291841/,9.3,https://img9.doubanio.com/view/photo/s_ratio_poster/public/p616779645.jpg
触不可及,https://movie.douban.com/subject/6786002/,9.3,https://img9.doubanio.com/view/photo/s_ratio_poster/public/p1454261925.jpg
当幸福来敲门,https://movie.douban.com/subject/1849031/,9.2,https://img9.doubanio.com/view/photo/s_ratio_poster/public/p2614359276.jpg
末代皇帝,https://movie.douban.com/subject/1293172/,9.3,https://img2.doubanio.com/view/photo/s_ratio_poster/public/p452089833.jpg
寻梦环游记,https://movie.douban.com/subject/20495023/,9.1,https://img1.doubanio.com/view/photo/s_ratio_poster/public/p2896589968.jpg
龙猫,https://movie.douban.com/subject/1291560/,9.2,https://img9.doubanio.com/view/photo/s_ratio_poster/public/p2540924496.jpg
怦然心动,https://movie.douban.com/subject/3319755/,9.1,https://img1.doubanio.com/view/photo/s_ratio_poster/public/p501177648.jpg
活着,https://movie.douban.com/subject/1292365/,9.3,https://img1.doubanio.com/view/photo/s_ratio_poster/public/p2597919477.jpg
哈利·波特与魔法石,https://movie.douban.com/subject/1295038/,9.2,https://img9.doubanio.com/view/photo/s_ratio_poster/public/p2614949805.jpg
蝙蝠侠：黑暗骑士,https://movie.douban.com/subject/1851857/,9.2,https://img2.doubanio.com/view/photo/s_ratio_poster/public/p462657443.jpg
指环王3：王者无敌,https://movie.douban.com/subject/1291552/,9.3,https://img2.doubanio.com/view/photo/s_ratio_poster/public/p2642829472.jpg
我不是药神,https://movie.douban.com/subject/26752088/,9.0,https://img9.doubanio.com/view/photo/s_ratio_poster/public/p2561305376.jpg
乱世佳人,https://movie.douban.com/subject/1300267/,9.3,https://img1.doubanio.com/view/photo/s_ratio_poster/public/p1963126880.jpg
飞屋环游记,https://movie.douban.com/subject/2129039/,9.1,https://img1.doubanio.com/view/photo/s_ratio_poster/public/p2896589700.jpg
素媛,https://movie.douban.com/subject/21937452/,9.3,https://img9.doubanio.com/view/photo/s_ratio_poster/public/p2118532944.jpg
哈尔的移动城堡,https://movie.douban.com/subject/1308807/,9.1,https://img1.doubanio.com/view/photo/s_ratio_poster/public/p2174346180.jpg
十二怒汉,https://movie.douban.com/subject/1293182/,9.4,https://img2.doubanio.com/view/photo/s_ratio_poster/public/p2173577632.jpg
何以为家,https://movie.douban.com/subject/30170448/,9.1,https://img1.doubanio.com/view/photo/s_ratio_poster/public/p2555295759.jpg
摔跤吧！爸爸,https://movie.douban.com/subject/26387939/,9.0,https://img1.doubanio.com/view/photo/s_ratio_poster/public/p2401676338.jpg
让子弹飞,https://movie.douban.com/subject/3742360/,9.0,https://img1.doubanio.com/view/photo/s_ratio_poster/public/p1512562287.jpg
猫鼠游戏,https://movie.douban.com/subject/1305487/,9.1,https://img2.doubanio.com/view/photo/s_ratio_poster/public/p453924541.jpg
天空之城,https://movie.douban.com/subject/1291583/,9.2,https://img1.doubanio.com/view/photo/s_ratio_poster/public/p2892380420.jpg
鬼子来了,https://movie.douban.com/subject/1291858/,9.3,https://img1.doubanio.com/view/photo/s_ratio_poster/public/p2553104888.jpg
少年派的奇幻漂流,https://movie.douban.com/subject/1929463/,9.1,https://img9.doubanio.com/view/photo/s_ratio_poster/public/p2896590696.jpg
海蒂和爷爷,https://movie.douban.com/subject/25958717/,9.3,https://img9.doubanio.com/view/photo/s_ratio_poster/public/p2554525534.jpg
钢琴家,https://movie.douban.com/subject/1296736/,9.3,https://img2.doubanio.com/view/photo/s_ratio_poster/public/p1381339291.jpg
大话西游之月光宝盒,https://movie.douban.com/subject/1299398/,9.0,https://img2.doubanio.com/view/photo/s_ratio_poster/public/p2561721372.jpg
指环王2：双塔奇兵,https://movie.douban.com/subject/1291572/,9.2,https://img9.doubanio.com/view/photo/s_ratio_poster/public/p2640236255.jpg
闻香识女人,https://movie.douban.com/subject/1298624/,9.1,https://img1.doubanio.com/view/photo/s_ratio_poster/public/p2550757929.jpg
死亡诗社,https://movie.douban.com/subject/1291548/,9.2,https://img1.doubanio.com/view/photo/s_ratio_poster/public/p2575465690.jpg
绿皮书,https://movie.douban.com/subject/27060077/,8.9,https://img2.doubanio.com/view/photo/s_ratio_poster/public/p2531065411.jpg
罗马假日,https://movie.douban.com/subject/1293839/,9.1,https://img9.doubanio.com/view/photo/s_ratio_poster/public/p2189265085.jpg
大闹天宫,https://movie.douban.com/subject/1418019/,9.4,https://img1.doubanio.com/view/photo/s_ratio_poster/public/p2184505167.jpg
天堂电影院,https://movie.douban.com/subject/1291828/,9.2,https://img1.doubanio.com/view/photo/s_ratio_poster/public/p2653054340.jpg
指环王1：护戒使者,https://movie.douban.com/subject/1291571/,9.1,https://img9.doubanio.com/view/photo/s_ratio_poster/public/p2197698335.jpg
黑客帝国,https://movie.douban.com/subject/1291843/,9.1,https://img1.doubanio.com/view/photo/s_ratio_poster/public/p451926968.jpg
教父2,https://movie.douban.com/subject/1299131/,9.3,https://img1.doubanio.com/view/photo/s_ratio_poster/public/p2194138787.jpg
狮子王,https://movie.douban.com/subject/1301753/,9.1,https://img9.doubanio.com/view/photo/s_ratio_poster/public/p2896590826.jpg
辩护人,https://movie.douban.com/subject/21937445/,9.2,https://img9.doubanio.com/view/photo/s_ratio_poster/public/p2158166535.jpg
饮食男女,https://movie.douban.com/subject/1291818/,9.2,https://img2.doubanio.com/view/photo/s_ratio_poster/public/p1910899751.jpg
搏击俱乐部,https://movie.douban.com/subject/1292000/,9.0,https://img2.doubanio.com/view/photo/s_ratio_poster/public/p1910931622.jpg
本杰明·巴顿奇事,https://movie.douban.com/subject/1485260/,9.0,https://img2.doubanio.com/view/photo/s_ratio_poster/public/p2192535722.jpg
美丽心灵,https://movie.douban.com/subject/1306029/,9.1,https://img1.doubanio.com/view/photo/s_ratio_poster/public/p1665997400.jpg
穿条纹睡衣的男孩,https://movie.douban.com/subject/3008247/,9.2,https://img2.doubanio.com/view/photo/s_ratio_poster/public/p1473670352.jpg
窃听风暴,https://movie.douban.com/subject/1900841/,9.2,https://img1.doubanio.com/view/photo/s_ratio_poster/public/p1808872109.jpg
情书,https://movie.douban.com/subject/1292220/,8.9,https://img1.doubanio.com/view/photo/s_ratio_poster/public/p2648230660.jpg
两杆大烟枪,https://movie.douban.com/subject/1293350/,9.1,https://img1.doubanio.com/view/photo/s_ratio_poster/public/p792443418.jpg
西西里的美丽传说,https://movie.douban.com/subject/1292402/,8.9,https://img1.doubanio.com/view/photo/s_ratio_poster/public/p2441988159.jpg
看不见的客人,https://movie.douban.com/subject/26580232/,8.8,https://img9.doubanio.com/view/photo/s_ratio_poster/public/p2498971355.jpg
音乐之声,https://movie.douban.com/subject/1294408/,9.1,https://img1.doubanio.com/view/photo/s_ratio_poster/public/p453788577.jpg
阿凡达,https://movie.douban.com/subject/1652587/,8.8,https://img1.doubanio.com/view/photo/s_ratio_poster/public/p2896589067.jpg
拯救大兵瑞恩,https://movie.douban.com/subject/1292849/,9.1,https://img9.doubanio.com/view/photo/s_ratio_poster/public/p1014542496.jpg
哈利·波特与死亡圣器(下),https://movie.douban.com/subject/3011235/,9.0,https://img2.doubanio.com/view/photo/s_ratio_poster/public/p917846733.jpg
飞越疯人院,https://movie.douban.com/subject/1292224/,9.1,https://img1.doubanio.com/view/photo/s_ratio_poster/public/p792238287.jpg
小鞋子,https://movie.douban.com/subject/1303021/,9.2,https://img9.doubanio.com/view/photo/s_ratio_poster/public/p2165511465.jpg
沉默的羔羊,https://movie.douban.com/subject/1293544/,8.9,https://img1.doubanio.com/view/photo/s_ratio_poster/public/p1593414327.jpg
布达佩斯大饭店,https://movie.douban.com/subject/11525673/,8.9,https://img9.doubanio.com/view/photo/s_ratio_poster/public/p2896589466.jpg
功夫,https://movie.douban.com/subject/1291543/,8.8,https://img1.doubanio.com/view/photo/s_ratio_poster/public/p2219011938.jpg
禁闭岛,https://movie.douban.com/subject/2334904/,8.9,https://img1.doubanio.com/view/photo/s_ratio_poster/public/p450262388.jpg
蝴蝶效应,https://movie.douban.com/subject/1292343/,8.9,https://img1.doubanio.com/view/photo/s_ratio_poster/public/p2209066019.jpg
致命魔术,https://movie.douban.com/subject/1780330/,8.9,https://img9.doubanio.com/view/photo/s_ratio_poster/public/p480383375.jpg
哈利·波特与阿兹卡班的囚徒,https://movie.douban.com/subject/1291544/,8.9,https://img1.doubanio.com/view/photo/s_ratio_poster/public/p1910812549.jpg
心灵捕手,https://movie.douban.com/subject/1292656/,8.9,https://img9.doubanio.com/view/photo/s_ratio_poster/public/p480965695.jpg
超脱,https://movie.douban.com/subject/5322596/,9.0,https://img2.doubanio.com/view/photo/s_ratio_poster/public/p1305562621.jpg
海豚湾,https://movie.douban.com/subject/3442220/,9.3,https://img1.doubanio.com/view/photo/s_ratio_poster/public/p2559579779.jpg
低俗小说,https://movie.douban.com/subject/1291832/,8.9,https://img2.doubanio.com/view/photo/s_ratio_poster/public/p1910902213.jpg
春光乍泄,https://movie.douban.com/subject/1292679/,9.0,https://img2.doubanio.com/view/photo/s_ratio_poster/public/p465939041.jpg
摩登时代,https://movie.douban.com/subject/1294371/,9.3,https://img1.doubanio.com/view/photo/s_ratio_poster/public/p2263408369.jpg
美国往事,https://movie.douban.com/subject/1292262/,9.2,https://img1.doubanio.com/view/photo/s_ratio_poster/public/p477229647.jpg
喜剧之王,https://movie.douban.com/subject/1302425/,8.8,https://img1.doubanio.com/view/photo/s_ratio_poster/public/p2579932167.jpg
致命ID,https://movie.douban.com/subject/1297192/,8.9,https://img9.doubanio.com/view/photo/s_ratio_poster/public/p2558364386.jpg
杀人回忆,https://movie.douban.com/subject/1300299/,8.9,https://img1.doubanio.com/view/photo/s_ratio_poster/public/p1633113220.jpg
七宗罪,https://movie.douban.com/subject/1292223/,8.8,https://img9.doubanio.com/view/photo/s_ratio_poster/public/p2219586434.jpg
红辣椒,https://movie.douban.com/subject/1865703/,9.1,https://img1.doubanio.com/view/photo/s_ratio_poster/public/p456825720.jpg
加勒比海盗,https://movie.douban.com/subject/1298070/,8.8,https://img9.doubanio.com/view/photo/s_ratio_poster/public/p2896589545.jpg
哈利·波特与密室,https://movie.douban.com/subject/1296996/,8.9,https://img1.doubanio.com/view/photo/s_ratio_poster/public/p1082651990.jpg
一一,https://movie.douban.com/subject/1292434/,9.1,https://img2.doubanio.com/view/photo/s_ratio_poster/public/p2567845803.jpg
狩猎,https://movie.douban.com/subject/6985810/,9.1,https://img1.doubanio.com/view/photo/s_ratio_poster/public/p1546987967.jpg
唐伯虎点秋香,https://movie.douban.com/subject/1306249/,8.7,https://img9.doubanio.com/view/photo/s_ratio_poster/public/p2357915564.jpg
7号房的礼物,https://movie.douban.com/subject/10777687/,8.9,https://img9.doubanio.com/view/photo/s_ratio_poster/public/p1816276065.jpg
被嫌弃的松子的一生,https://movie.douban.com/subject/1787291/,8.9,https://img9.doubanio.com/view/photo/s_ratio_poster/public/p884763596.jpg
请以你的名字呼唤我,https://movie.douban.com/subject/26799731/,8.8,https://img1.doubanio.com/view/photo/s_ratio_poster/public/p2505525050.jpg
蝙蝠侠：黑暗骑士崛起,https://movie.douban.com/subject/3395373/,8.8,https://img9.doubanio.com/view/photo/s_ratio_poster/public/p1706428744.jpg
断背山,https://movie.douban.com/subject/1418834/,8.8,https://img1.doubanio.com/view/photo/s_ratio_poster/public/p2604889017.jpg
爱在黎明破晓前,https://movie.douban.com/subject/1296339/,8.8,https://img9.doubanio.com/view/photo/s_ratio_poster/public/p2555762374.jpg
剪刀手爱德华,https://movie.douban.com/subject/1292370/,8.7,https://img1.doubanio.com/view/photo/s_ratio_poster/public/p2896589720.jpg
入殓师,https://movie.douban.com/subject/2149806/,8.9,https://img9.doubanio.com/view/photo/s_ratio_poster/public/p2707581855.jpg
第六感,https://movie.douban.com/subject/1297630/,8.9,https://img9.doubanio.com/view/photo/s_ratio_poster/public/p2220184425.jpg
重庆森林,https://movie.douban.com/subject/1291999/,8.8,https://img2.doubanio.com/view/photo/s_ratio_poster/public/p792381411.jpg
勇敢的心,https://movie.douban.com/subject/1294639/,8.9,https://img1.doubanio.com/view/photo/s_ratio_poster/public/p2004174709.jpg
超能陆战队,https://movie.douban.com/subject/11026735/,8.7,https://img2.doubanio.com/view/photo/s_ratio_poster/public/p2896589512.jpg
甜蜜蜜,https://movie.douban.com/subject/1305164/,8.9,https://img9.doubanio.com/view/photo/s_ratio_poster/public/p2223011274.jpg
幽灵公主,https://movie.douban.com/subject/1297359/,8.9,https://img9.doubanio.com/view/photo/s_ratio_poster/public/p1613191025.jpg
爱在日落黄昏时,https://movie.douban.com/subject/1291990/,8.9,https://img1.doubanio.com/view/photo/s_ratio_poster/public/p2561542458.jpg
菊次郎的夏天,https://movie.douban.com/subject/1293359/,8.9,https://img9.doubanio.com/view/photo/s_ratio_poster/public/p2620392435.jpg
借东西的小人阿莉埃蒂,https://movie.douban.com/subject/4202302/,8.9,https://img9.doubanio.com/view/photo/s_ratio_poster/public/p617533616.jpg
消失的爱人,https://movie.douban.com/subject/21318488/,8.7,https://img9.doubanio.com/view/photo/s_ratio_poster/public/p2221768894.jpg
寄生虫,https://movie.douban.com/subject/27010768/,8.8,https://img1.doubanio.com/view/photo/s_ratio_poster/public/p2561439800.jpg
阳光灿烂的日子,https://movie.douban.com/subject/1291875/,8.8,https://img9.doubanio.com/view/photo/s_ratio_poster/public/p2564685215.jpg
天使爱美丽,https://movie.douban.com/subject/1292215/,8.7,https://img2.doubanio.com/view/photo/s_ratio_poster/public/p2447590313.jpg
完美的世界,https://movie.douban.com/subject/1300992/,9.1,https://img1.doubanio.com/view/photo/s_ratio_poster/public/p2190556408.jpg
小森林 夏秋篇,https://movie.douban.com/subject/25814705/,9.0,https://img2.doubanio.com/view/photo/s_ratio_poster/public/p2564498893.jpg
倩女幽魂,https://movie.douban.com/subject/1297447/,8.8,https://img9.doubanio.com/view/photo/s_ratio_poster/public/p2414157745.jpg
无人知晓,https://movie.douban.com/subject/1292337/,9.1,https://img2.doubanio.com/view/photo/s_ratio_poster/public/p661160053.jpg
时空恋旅人,https://movie.douban.com/subject/10577869/,8.8,https://img9.doubanio.com/view/photo/s_ratio_poster/public/p2070153774.jpg
侧耳倾听,https://movie.douban.com/subject/1297052/,8.9,https://img2.doubanio.com/view/photo/s_ratio_poster/public/p456692072.jpg
未麻的部屋,https://movie.douban.com/subject/1395091/,9.1,https://img2.doubanio.com/view/photo/s_ratio_poster/public/p1351050722.jpg
幸福终点站,https://movie.douban.com/subject/1292274/,8.8,https://img1.doubanio.com/view/photo/s_ratio_poster/public/p854757687.jpg
驯龙高手,https://movie.douban.com/subject/2353023/,8.8,https://img9.doubanio.com/view/photo/s_ratio_poster/public/p2210954024.jpg
哈利·波特与火焰杯,https://movie.douban.com/subject/1309055/,8.8,https://img9.doubanio.com/view/photo/s_ratio_poster/public/p735391084.jpg
小森林 冬春篇,https://movie.douban.com/subject/25814707/,9.0,https://img1.doubanio.com/view/photo/s_ratio_poster/public/p2215147728.jpg
一个叫欧维的男人决定去死,https://movie.douban.com/subject/26628357/,8.9,https://img2.doubanio.com/view/photo/s_ratio_poster/public/p2406624993.jpg
教父3,https://movie.douban.com/subject/1294240/,9.0,https://img2.doubanio.com/view/photo/s_ratio_poster/public/p2169664351.jpg
怪兽电力公司,https://movie.douban.com/subject/1291579/,8.8,https://img1.doubanio.com/view/photo/s_ratio_poster/public/p2896590108.jpg
傲慢与偏见,https://movie.douban.com/subject/1418200/,8.7,https://img1.doubanio.com/view/photo/s_ratio_poster/public/p2016401659.jpg
玩具总动员3,https://movie.douban.com/subject/1858711/,8.9,https://img2.doubanio.com/view/photo/s_ratio_poster/public/p2896589481.jpg
萤火之森,https://movie.douban.com/subject/5989818/,8.9,https://img2.doubanio.com/view/photo/s_ratio_poster/public/p1675053073.jpg
新世界,https://movie.douban.com/subject/10437779/,8.9,https://img1.doubanio.com/view/photo/s_ratio_poster/public/p1903379979.jpg
釜山行,https://movie.douban.com/subject/25986180/,8.6,https://img1.doubanio.com/view/photo/s_ratio_poster/public/p2360940399.jpg
被解救的姜戈,https://movie.douban.com/subject/6307447/,8.8,https://img1.doubanio.com/view/photo/s_ratio_poster/public/p1800813767.jpg
神偷奶爸,https://movie.douban.com/subject/3287562/,8.7,https://img1.doubanio.com/view/photo/s_ratio_poster/public/p792776858.jpg
茶馆,https://movie.douban.com/subject/1461403/,9.6,https://img9.doubanio.com/view/photo/s_ratio_poster/public/p2528965424.jpg
告白,https://movie.douban.com/subject/4268598/,8.8,https://img9.doubanio.com/view/photo/s_ratio_poster/public/p689520756.jpg
玛丽和马克思,https://movie.douban.com/subject/3072124/,9.0,https://img9.doubanio.com/view/photo/s_ratio_poster/public/p488255145.jpg
哪吒闹海,https://movie.douban.com/subject/1307315/,9.2,https://img9.doubanio.com/view/photo/s_ratio_poster/public/p2532803206.jpg
大鱼,https://movie.douban.com/subject/1291545/,8.8,https://img9.doubanio.com/view/photo/s_ratio_poster/public/p692813374.jpg
九品芝麻官,https://movie.douban.com/subject/1297518/,8.7,https://img1.doubanio.com/view/photo/s_ratio_poster/public/p648370300.jpg
色，戒,https://movie.douban.com/subject/1828115/,8.7,https://img9.doubanio.com/view/photo/s_ratio_poster/public/p453716305.jpg
喜宴,https://movie.douban.com/subject/1303037/,9.0,https://img1.doubanio.com/view/photo/s_ratio_poster/public/p2249048907.jpg
模仿游戏,https://movie.douban.com/subject/10463953/,8.8,https://img2.doubanio.com/view/photo/s_ratio_poster/public/p2255040492.jpg
头号玩家,https://movie.douban.com/subject/4920389/,8.7,https://img1.doubanio.com/view/photo/s_ratio_poster/public/p2516578307.jpg
射雕英雄传之东成西就,https://movie.douban.com/subject/1316510/,8.7,https://img2.doubanio.com/view/photo/s_ratio_poster/public/p2609063922.jpg
花样年华,https://movie.douban.com/subject/1291557/,8.8,https://img9.doubanio.com/view/photo/s_ratio_poster/public/p1910828286.jpg
我是山姆,https://movie.douban.com/subject/1306861/,9.0,https://img9.doubanio.com/view/photo/s_ratio_poster/public/p652417775.jpg
阳光姐妹淘,https://movie.douban.com/subject/4917726/,8.8,https://img1.doubanio.com/view/photo/s_ratio_poster/public/p1374786017.jpg
头脑特工队,https://movie.douban.com/subject/10533913/,8.8,https://img9.doubanio.com/view/photo/s_ratio_poster/public/p2896589345.jpg
血战钢锯岭,https://movie.douban.com/subject/26325320/,8.7,https://img1.doubanio.com/view/photo/s_ratio_poster/public/p2398141939.jpg
七武士,https://movie.douban.com/subject/1295399/,9.3,https://img9.doubanio.com/view/photo/s_ratio_poster/public/p2215886505.jpg
恐怖直播,https://movie.douban.com/subject/21360417/,8.7,https://img9.doubanio.com/view/photo/s_ratio_poster/public/p2016930906.jpg
惊魂记,https://movie.douban.com/subject/1293181/,9.0,https://img9.doubanio.com/view/photo/s_ratio_poster/public/p1021883305.jpg
黑客帝国3：矩阵革命,https://movie.douban.com/subject/1302467/,8.8,https://img1.doubanio.com/view/photo/s_ratio_poster/public/p443461818.jpg
你的名字。,https://movie.douban.com/subject/26683290/,8.5,https://img1.doubanio.com/view/photo/s_ratio_poster/public/p2395733377.jpg
电锯惊魂,https://movie.douban.com/subject/1417598/,8.7,https://img9.doubanio.com/view/photo/s_ratio_poster/public/p726839485.jpg
三块广告牌,https://movie.douban.com/subject/26611804/,8.7,https://img9.doubanio.com/view/photo/s_ratio_poster/public/p2896590555.jpg
达拉斯买家俱乐部,https://movie.douban.com/subject/1793929/,8.8,https://img1.doubanio.com/view/photo/s_ratio_poster/public/p2166160837.jpg
疯狂原始人,https://movie.douban.com/subject/1907966/,8.7,https://img1.doubanio.com/view/photo/s_ratio_poster/public/p1867084027.jpg
心迷宫,https://movie.douban.com/subject/25917973/,8.7,https://img9.doubanio.com/view/photo/s_ratio_poster/public/p2276780256.jpg
谍影重重3,https://movie.douban.com/subject/1578507/,8.8,https://img1.doubanio.com/view/photo/s_ratio_poster/public/p792223507.jpg
上帝之城,https://movie.douban.com/subject/1292208/,9.0,https://img1.doubanio.com/view/photo/s_ratio_poster/public/p455677490.jpg
英雄本色,https://movie.douban.com/subject/1297574/,8.6,https://img1.doubanio.com/view/photo/s_ratio_poster/public/p2504997087.jpg
风之谷,https://movie.douban.com/subject/1291585/,8.9,https://img2.doubanio.com/view/photo/s_ratio_poster/public/p1917567652.jpg
纵横四海,https://movie.douban.com/subject/1295409/,8.8,https://img1.doubanio.com/view/photo/s_ratio_poster/public/p2597918718.jpg
卢旺达饭店,https://movie.douban.com/subject/1291822/,8.9,https://img2.doubanio.com/view/photo/s_ratio_poster/public/p470419493.jpg
海街日记,https://movie.douban.com/subject/25895901/,8.8,https://img1.doubanio.com/view/photo/s_ratio_poster/public/p2603364117.jpg
爱在午夜降临前,https://movie.douban.com/subject/10808442/,8.9,https://img1.doubanio.com/view/photo/s_ratio_poster/public/p2074715729.jpg
绿里奇迹,https://movie.douban.com/subject/1300374/,8.9,https://img2.doubanio.com/view/photo/s_ratio_poster/public/p767586451.jpg
记忆碎片,https://movie.douban.com/subject/1304447/,8.7,https://img2.doubanio.com/view/photo/s_ratio_poster/public/p641688453.jpg
小丑,https://movie.douban.com/subject/27119724/,8.7,https://img9.doubanio.com/view/photo/s_ratio_poster/public/p2567198874.jpg
疯狂的石头,https://movie.douban.com/subject/1862151/,8.6,https://img2.doubanio.com/view/photo/s_ratio_poster/public/p712241453.jpg
背靠背，脸对脸,https://movie.douban.com/subject/1307856/,9.5,https://img1.doubanio.com/view/photo/s_ratio_poster/public/p2505048077.jpg
雨中曲,https://movie.douban.com/subject/1293460/,9.1,https://img9.doubanio.com/view/photo/s_ratio_poster/public/p1612355875.jpg
岁月神偷,https://movie.douban.com/subject/3792799/,8.7,https://img2.doubanio.com/view/photo/s_ratio_poster/public/p456666151.jpg
2001太空漫游,https://movie.douban.com/subject/1292226/,8.9,https://img9.doubanio.com/view/photo/s_ratio_poster/public/p2560717825.jpg
心灵奇旅,https://movie.douban.com/subject/24733428/,8.7,https://img1.doubanio.com/view/photo/s_ratio_poster/public/p2896589788.jpg
忠犬八公物语,https://movie.douban.com/subject/1959195/,9.2,https://img9.doubanio.com/view/photo/s_ratio_poster/public/p2603716224.jpg
荒蛮故事,https://movie.douban.com/subject/24750126/,8.8,https://img2.doubanio.com/view/photo/s_ratio_poster/public/p2584519452.jpg
无间道2,https://movie.douban.com/subject/1307106/,8.7,https://img1.doubanio.com/view/photo/s_ratio_poster/public/p958008320.jpg
小偷家族,https://movie.douban.com/subject/27622447/,8.7,https://img9.doubanio.com/view/photo/s_ratio_poster/public/p2530599636.jpg
无敌破坏王,https://movie.douban.com/subject/6534248/,8.7,https://img1.doubanio.com/view/photo/s_ratio_poster/public/p2896589589.jpg
爆裂鼓手,https://movie.douban.com/subject/25773932/,8.7,https://img2.doubanio.com/view/photo/s_ratio_poster/public/p2220776342.jpg
冰川时代,https://movie.douban.com/subject/1291578/,8.6,https://img1.doubanio.com/view/photo/s_ratio_poster/public/p2896589259.jpg
恐怖游轮,https://movie.douban.com/subject/3011051/,8.5,https://img9.doubanio.com/view/photo/s_ratio_poster/public/p462470694.jpg
贫民窟的百万富翁,https://movie.douban.com/subject/2209573/,8.6,https://img1.doubanio.com/view/photo/s_ratio_poster/public/p2434249040.jpg
牯岭街少年杀人事件,https://movie.douban.com/subject/1292329/,8.9,https://img9.doubanio.com/view/photo/s_ratio_poster/public/p848381236.jpg
东邪西毒,https://movie.douban.com/subject/1292328/,8.6,https://img2.doubanio.com/view/photo/s_ratio_poster/public/p1982176012.jpg
魔女宅急便,https://movie.douban.com/subject/1307811/,8.7,https://img2.doubanio.com/view/photo/s_ratio_poster/public/p456676352.jpg
遗愿清单,https://movie.douban.com/subject/1867345/,8.7,https://img2.doubanio.com/view/photo/s_ratio_poster/public/p2676812053.jpg
东京教父,https://movie.douban.com/subject/1310177/,9.0,https://img1.doubanio.com/view/photo/s_ratio_poster/public/p456703618.jpg
大佛普拉斯,https://movie.douban.com/subject/27059130/,8.7,https://img2.doubanio.com/view/photo/s_ratio_poster/public/p2505928032.jpg
你看起来好像很好吃,https://movie.douban.com/subject/4848115/,8.9,https://img2.doubanio.com/view/photo/s_ratio_poster/public/p709670262.jpg
真爱至上,https://movie.douban.com/subject/1292401/,8.6,https://img1.doubanio.com/view/photo/s_ratio_poster/public/p475600770.jpg
黑天鹅,https://movie.douban.com/subject/1978709/,8.6,https://img1.doubanio.com/view/photo/s_ratio_poster/public/p2896603000.jpg
可可西里,https://movie.douban.com/subject/1308857/,8.9,https://img9.doubanio.com/view/photo/s_ratio_poster/public/p2363208684.jpg
城市之光,https://movie.douban.com/subject/1293908/,9.3,https://img1.doubanio.com/view/photo/s_ratio_poster/public/p2170238828.jpg
源代码,https://movie.douban.com/subject/3075287/,8.5,https://img9.doubanio.com/view/photo/s_ratio_poster/public/p988260245.jpg
海边的曼彻斯特,https://movie.douban.com/subject/25980443/,8.6,https://img9.doubanio.com/view/photo/s_ratio_poster/public/p2421855655.jpg
雨人,https://movie.douban.com/subject/1291870/,8.7,https://img2.doubanio.com/view/photo/s_ratio_poster/public/p2353324612.jpg
波西米亚狂想曲,https://movie.douban.com/subject/5300054/,8.6,https://img2.doubanio.com/view/photo/s_ratio_poster/public/p2549558913.jpg
初恋这件小事,https://movie.douban.com/subject/4739952/,8.5,https://img2.doubanio.com/view/photo/s_ratio_poster/public/p1505312273.jpg
恋恋笔记本,https://movie.douban.com/subject/1309163/,8.5,https://img9.doubanio.com/view/photo/s_ratio_poster/public/p483604864.jpg
人工智能,https://movie.douban.com/subject/1302827/,8.7,https://img1.doubanio.com/view/photo/s_ratio_poster/public/p792257137.jpg
青蛇,https://movie.douban.com/subject/1303394/,8.6,https://img2.doubanio.com/view/photo/s_ratio_poster/public/p2570901292.jpg
虎口脱险,https://movie.douban.com/subject/1296909/,8.9,https://img2.doubanio.com/view/photo/s_ratio_poster/public/p2399597512.jpg
末路狂花,https://movie.douban.com/subject/1291992/,8.9,https://img9.doubanio.com/view/photo/s_ratio_poster/public/p1910924635.jpg
终结者2：审判日,https://movie.douban.com/subject/1291844/,8.8,https://img9.doubanio.com/view/photo/s_ratio_poster/public/p1910909085.jpg
疯狂的麦克斯4：狂暴之路,https://movie.douban.com/subject/3592854/,8.7,https://img2.doubanio.com/view/photo/s_ratio_poster/public/p2236181653.jpg
罗生门,https://movie.douban.com/subject/1291879/,8.8,https://img2.doubanio.com/view/photo/s_ratio_poster/public/p1598883511.jpg
新龙门客栈,https://movie.douban.com/subject/1292287/,8.7,https://img1.doubanio.com/view/photo/s_ratio_poster/public/p1421018669.jpg
无耻混蛋,https://movie.douban.com/subject/1438652/,8.7,https://img2.doubanio.com/view/photo/s_ratio_poster/public/p1086394013.jpg
千钧一发,https://movie.douban.com/subject/1300117/,8.8,https://img9.doubanio.com/view/photo/s_ratio_poster/public/p2195672555.jpg
崖上的波妞,https://movie.douban.com/subject/1959877/,8.6,https://img1.doubanio.com/view/photo/s_ratio_poster/public/p2627847859.jpg
萤火虫之墓,https://movie.douban.com/subject/1293318/,8.7,https://img1.doubanio.com/view/photo/s_ratio_poster/public/p2237136718.jpg
芙蓉镇,https://movie.douban.com/subject/1297880/,9.3,https://img9.doubanio.com/view/photo/s_ratio_poster/public/p2174804034.jpg
花束般的恋爱,https://movie.douban.com/subject/34874432/,8.6,https://img2.doubanio.com/view/photo/s_ratio_poster/public/p2868462052.jpg
彗星来的那一夜,https://movie.douban.com/subject/25807345/,8.6,https://img9.doubanio.com/view/photo/s_ratio_poster/public/p2187896734.jpg
奇迹男孩,https://movie.douban.com/subject/26787574/,8.6,https://img1.doubanio.com/view/photo/s_ratio_poster/public/p2507709428.jpg
爱乐之城,https://movie.douban.com/subject/25934014/,8.4,https://img9.doubanio.com/view/photo/s_ratio_poster/public/p2395517414.jpg
黑客帝国2：重装上阵,https://movie.douban.com/subject/1304141/,8.7,https://img1.doubanio.com/view/photo/s_ratio_poster/public/p443461390.jpg
二十二,https://movie.douban.com/subject/26430107/,8.7,https://img1.doubanio.com/view/photo/s_ratio_poster/public/p2457609817.jpg
哈利·波特与死亡圣器(上),https://movie.douban.com/subject/2051007/,8.5,https://img9.doubanio.com/view/photo/s_ratio_poster/public/p721429854.jpg
血钻,https://movie.douban.com/subject/1428175/,8.7,https://img2.doubanio.com/view/photo/s_ratio_poster/public/p1244017073.jpg
战争之王,https://movie.douban.com/subject/1419936/,8.7,https://img2.doubanio.com/view/photo/s_ratio_poster/public/p792282381.jpg
步履不停,https://movie.douban.com/subject/2222996/,8.8,https://img1.doubanio.com/view/photo/s_ratio_poster/public/p2375245718.jpg
火星救援,https://movie.douban.com/subject/25864085/,8.5,https://img1.doubanio.com/view/photo/s_ratio_poster/public/p2896589468.jpg
房间,https://movie.douban.com/subject/25724855/,8.8,https://img9.doubanio.com/view/photo/s_ratio_poster/public/p2259715855.jpg
魂断蓝桥,https://movie.douban.com/subject/1293964/,8.8,https://img1.doubanio.com/view/photo/s_ratio_poster/public/p2351134499.jpg
千年女优,https://movie.douban.com/subject/1307394/,8.8,https://img9.doubanio.com/view/photo/s_ratio_poster/public/p2215102596.jpg
谍影重重2,https://movie.douban.com/subject/1308767/,8.7,https://img9.doubanio.com/view/photo/s_ratio_poster/public/p667644866.jpg
白日梦想家,https://movie.douban.com/subject/2133323/,8.6,https://img2.doubanio.com/view/photo/s_ratio_poster/public/p2160195181.jpg
哈利·波特与凤凰社,https://movie.douban.com/subject/1457217/,8.5,https://img1.doubanio.com/view/photo/s_ratio_poster/public/p443403700.jpg
弱点,https://movie.douban.com/subject/3552028/,8.7,https://img2.doubanio.com/view/photo/s_ratio_poster/public/p2577248102.jpg
蜘蛛侠：平行宇宙,https://movie.douban.com/subject/26374197/,8.6,https://img2.doubanio.com/view/photo/s_ratio_poster/public/p2543465022.jpg
谍影重重,https://movie.douban.com/subject/1304102/,8.6,https://img2.doubanio.com/view/photo/s_ratio_poster/public/p1597183981.jpg
阿飞正传,https://movie.douban.com/subject/1305690/,8.5,https://img2.doubanio.com/view/photo/s_ratio_poster/public/p2525770523.jpg
朗读者,https://movie.douban.com/subject/2213597/,8.6,https://img1.doubanio.com/view/photo/s_ratio_poster/public/p1140984198.jpg
燃情岁月,https://movie.douban.com/subject/1295865/,8.7,https://img9.doubanio.com/view/photo/s_ratio_poster/public/p2797313535.jpg
再次出发之纽约遇见你,https://movie.douban.com/subject/6874403/,8.6,https://img2.doubanio.com/view/photo/s_ratio_poster/public/p2250287733.jpg
高山下的花环,https://movie.douban.com/subject/1422283/,9.5,https://img1.doubanio.com/view/photo/s_ratio_poster/public/p2319879389.jpg
香水,https://movie.douban.com/subject/1760622/,8.5,https://img2.doubanio.com/view/photo/s_ratio_poster/public/p2571500223.jpg
